measure_0,measure_1,measure_2,measure_3,measure_4,measure_5,measure_6,measure_7,measure_8,measure_9,measure_10,measure_11,measure_12,measure_13,measure_14,measure_15,measure_16,measure_17,measure_18,measure_19
0.86193895,0.53084636,0.283975,0.74736416,0.9579529,0.11794035,0.61286145,0.4789454,0.74844956,0.96402234,0.9849539,0.43185794,0.4469137,0.40622568,0.5348386,0.5182557,0.98151445,0.8168113,0.56352943,0.09387667
