measure_0,measure_1,measure_2,measure_3,measure_4,measure_5,measure_6,measure_7,measure_8,measure_9,measure_10,measure_11,measure_12,measure_13,measure_14,measure_15,measure_16,measure_17,measure_18,measure_19
0.90611583,0.5467279,0.95018137,0.48090416,0.5344873,0.18704644,0.31748387,0.7269047,0.40812632,0.95435077,0.32815284,0.67169905,0.65914,0.72445256,0.5126781,0.62796444,0.06754309,0.7599076,0.6638377,0.8112785
