measure_0,measure_1,measure_2,measure_3,measure_4,measure_5,measure_6,measure_7,measure_8,measure_9,measure_10,measure_11,measure_12,measure_13,measure_14,measure_15,measure_16,measure_17,measure_18,measure_19
0.039105266,0.88984025,0.9820606,0.8465725,0.5981325,0.36943755,0.53781813,0.9743785,0.9707701,0.09796092,0.25841838,0.4898333,0.3012542,0.48665363,0.1745776,0.10174183,0.0014929813,0.9987948,0.43237764,0.08930579
