measure_0,measure_1,measure_2,measure_3,measure_4,measure_5,measure_6,measure_7,measure_8,measure_9,measure_10,measure_11,measure_12,measure_13,measure_14,measure_15,measure_16,measure_17,measure_18,measure_19
0.76693946,0.6410127,0.36938727,0.6645378,0.08184147,0.8315947,0.3663362,0.32944694,0.32748377,0.29026455,0.26601154,0.30048332,0.5926654,0.6048032,0.19342804,0.04982103,0.52182674,0.6742653,0.74752665,0.35508153
