measure_0,measure_1,measure_2,measure_3,measure_4,measure_5,measure_6,measure_7,measure_8,measure_9,measure_10,measure_11,measure_12,measure_13,measure_14,measure_15,measure_16,measure_17,measure_18,measure_19
0.6904958,0.082819454,0.18047112,0.05978702,0.2990402,0.5418377,0.96052986,0.70718706,0.107640184,0.44026175,0.38729995,0.6215523,0.86861837,0.98931986,0.4441601,0.56483173,0.8593176,0.9613179,0.21609777,0.18226771
