measure_0,measure_1,measure_2,measure_3,measure_4,measure_5,measure_6,measure_7,measure_8,measure_9,measure_10,measure_11,measure_12,measure_13,measure_14,measure_15,measure_16,measure_17,measure_18,measure_19
0.14863166,0.28899622,0.87823474,0.2253898,0.27036545,0.66852325,0.54983705,0.77259845,0.8888368,0.85857606,0.1854198,0.68054235,0.6639858,0.94950014,0.67043626,0.60208786,0.9895114,0.30738363,0.8127381,0.3184438
