measure_0,measure_1,measure_2,measure_3,measure_4,measure_5,measure_6,measure_7,measure_8,measure_9,measure_10,measure_11,measure_12,measure_13,measure_14,measure_15,measure_16,measure_17,measure_18,measure_19
0.109988056,0.99775267,0.68225145,0.04783924,0.5370814,0.4873349,0.085544705,0.29188684,0.14820886,0.8179985,0.6643004,0.69630235,0.61358553,0.15025927,0.13410932,0.2574623,0.6832473,0.042422537,0.97164005,0.47484067
