measure_0,measure_1,measure_2,measure_3,measure_4,measure_5,measure_6,measure_7,measure_8,measure_9,measure_10,measure_11,measure_12,measure_13,measure_14,measure_15,measure_16,measure_17,measure_18,measure_19
0.62238795,0.13263805,0.05487332,0.97981536,0.7481617,0.21910039,0.13885829,0.9661783,0.002286724,0.85334986,0.23153481,0.820513,0.11676404,0.5046261,0.1329751,0.11909266,0.20994449,0.9980794,0.131957,0.4286102
