measure_0,measure_1,measure_2,measure_3,measure_4,measure_5,measure_6,measure_7,measure_8,measure_9,measure_10,measure_11,measure_12,measure_13,measure_14,measure_15,measure_16,measure_17,measure_18,measure_19
0.24796702,0.5627637,0.8585802,0.8993492,0.42300266,0.00091351726,0.20937617,0.97470003,0.65384996,0.57950467,0.32416034,0.41014045,0.66409826,0.7358311,0.861871,0.34248126,0.5820137,0.6984736,0.17760707,0.5150649
