measure_0,measure_1,measure_2,measure_3,measure_4,measure_5,measure_6,measure_7,measure_8,measure_9,measure_10,measure_11,measure_12,measure_13,measure_14,measure_15,measure_16,measure_17,measure_18,measure_19
0.32569996,0.06618168,0.24591179,0.18585986,0.44836515,0.35878345,0.8679823,0.30250293,0.41527426,0.6830511,0.36338747,0.38520622,0.60126245,0.98409593,0.11826375,0.700647,0.5548833,0.31974915,0.4457009,0.6312493
